"DESCRIPTION","DURATION IN MS","NAME","PARENT SUITE","START TIME","STATUS","STOP TIME","SUB SUITE","SUITE","TEST CLASS","TEST METHOD"
"","74","test_get_booking_returns_200","6. Restful booker.booker_tests","2026-10-06","passed","2026-10-06","","test_booking_status_codes","",""
"","149","test_update_booking_changes_all_fields","6. Restful booker.booker_tests","2026-10-06","passed","2026-10-06","","test_booking_update","",""
"","75","test_delete_booking_returns_201","6. Restful booker.booker_tests","2026-10-06","passed","2026-10-06","","test_booking_status_codes","",""
"","75","test_auth_with_invalid_password_returns_bad_credentials","6. Restful booker.booker_tests","2026-10-06","passed","2026-10-06","","test_booking_auth","",""
"","254","test_auth_returns_token","6. Restful booker.booker_tests","2026-10-06","passed","2026-10-06","","test_booking_auth","",""
"","150","test_create_booking_returns_same_data","6. Restful booker.booker_tests","2026-10-06","passed","2026-10-06","","test_booking_create","",""
"","75","test_get_booking_ids_returns_200","6. Restful booker.booker_tests","2026-10-06","passed","2026-10-06","","test_booking_status_codes","",""
"","74","test_get_booking_with_bad_accept_returns_418","6. Restful booker.booker_tests","2026-10-06","passed","2026-10-06","","test_booking_status_codes","",""
"","75","test_create_booking_returns_200","6. Restful booker.booker_tests","2026-10-06","passed","2026-10-06","","test_booking_status_codes","",""
